"Statistische Daten zu den Stadtteilen Hamburgs, © Statistikamt Nord ","","","","","","","","","","","","","","","","","","","","","","","","","","","","","","","","","","","","","","","","","","","","","","","","","","","","","","","","","","","","","","","","","","","",""
"Stadtgebiet","Bevölkerung und Haushalte 31.12.2013","","","","","","","","","","","","","","","","","","","","","Bevölkerungsbewegung 2013","","","","","","","Sozialstruktur","","","","","","","","","","","","","","","Wohnen","","","","","","","","","","","","","","Infrastruktur und Verkehr","","","","","","","","","",""
"","Bevölkerung","Unter 18-Jährige","Anteil der unter 18-Jährigen in %"," 65-Jährige und Ältere","Anteil der 65-Jährigen und Älteren in %","Ausländerinnen und Ausländer","Ausländeranteil in %","Bevölkerung mit Migrations-hintergrund","Anteil der Bevölkerung mit Migrations-hintergrund in %","Unter 18-Jährige mit Migrations-hintergrund","Anteil der unter 18-Jährigen mit Migrations-hintergrund in %","Haushalte","Personen je Haushalt","Einpersonen-haushalte","Anteil der Einpersonen-haushalte in %","Haushalte mit Kindern","Anteil der Haushalte mit Kindern in %","Alleinerziehende","Anteil der Haushalte von Alleinerziehenden in %","Fläche in km²","Bevölkerungs-dichte","Geburten","Sterbefälle","Zuzüge","Zuzüge aus dem Hamburger Umland","Fortzüge","Fortzüge in das Hamburger Umland","Wanderungssaldo","Sozial-versicherungs-pflichtig Beschäftigte (Dez 2013)","Beschäftigten-quote in % (Dez 2013)","Arbeitslose (Dez 2013)","Arbeitslosenanteil in % (Dez 2013)","Jüngere Arbeitslose (Dez 2013)","Arbeitslosenanteil Jüngerer in % (Dez 2013)","Ältere Arbeitslose (Dez 2013)","Arbeitslosenanteil Älterer in % (Dez 2013)","Leistungs-empfänger/-innen nach SGB II (Dez 2013)","Anteil der Leistungs-empfänger/-innen nach SGB II in % (Dez 2013)","Unter 15-Jährige in Mindestsicherung (Dez 2013)","Anteil der unter 15-Jährigen in Mindestsicherung in % (Dez 2013)","Bedarfs-gemeinschaften nach SGB II (Dez 2013)","Lohn- und Einkommen-steuerpflichtige (2010)","Durchschnitt-liches Einkommen je Steuerpflichtigen in EUR (2010)","Wohngebäude (2013)","Wohnungen (2013)","Bezugsfertige Wohnungen (2013)","Wohnungen in Ein- und Zweifamilien-häusern (2013)","Anteil der Wohnungen in Ein- und Zweifamilien-häusern in % (2013)","Wohnungsgröße in m² (2013)","Wohnfläche je Einwohner/-in in m² (2013)","Sozialwohnungen (Jan 2014)","Sozialwohnungs-anteil in % (Jan 2014)","Sozialwohnungen mit Bindungsauslauf bis 2019","Sozialwohnungen mit Bindungsauslauf bis 2019 in %","Preise für Grundstücke in EUR/m² (Jan 2014)","Preise für Ein- bzw Zwei-familienhäuser in EUR/m² (Jan 2014)","Preise für Eigentums-wohnungen in EUR/m² (Jan 2014)","Kindergärten und Vorschulklassen (März 2014)","Grundschulen (2013/2014)","Schülerinnen und Schüler der Sekundarstufe I (2013/2014)","Anteil der Schülerinnen und Schüler in Stadtteilschulen und Schulformen mit mehreren Bildungsgängen in % (2013/2014)","Anteil der Schülerinnen und Schüler in Gymnasien in % (2013/2014)","Niedergelassene Ärzte (Dez 2013)","Allgemeinärzte (Dez 2013)","Zahnärzte (Nov 2013)","Apotheken (Nov 2013)","Private PKW (Jan 2014)","PKW-Dichte (Jan 2014)"
"","Anzahl der Einwohnerinnen und Einwohner","Anzahl der Kinder und Jugendlichen unter 18 Jahren","Anteil Kinder und Jugendlicher unter 18 Jahren an der Gesamt-bevölkerung","Anzahl älterer Einwohnerinnen und Einwohner über 64 Jahren","Anteil älterer Einwohnerinnen und Einwohner über 64 Jahren an der Gesamt-bevölkerung","Anzahl ausländischer Einwohnerinnen und Einwohner ","Anteil ausländischer Einwohnerinnen und Einwohner an der Gesamt-bevölkerung","Anzahl der Einwohnerinnen und Einwohner mit Migrations-hintergrund","Anteil der Einwohnerinnen und Einwohner mit Migrations-hintergrund an der Gesamt-bevölkerung","Anzahl der Kinder und Jugendlichen unter 18 Jahren mit Migrations-hintergrund","Anteil Kinder und Jugendlicher unter 18 Jahren mit Migrations-hintergrund an allen Kindern und Jugendlichen unter 18 Jahren","Anzahl der Haushalte","Durchschnittliche Anzahl der Personen je Haushalt","Anzahl der Einpersonen-haushalte","Anteil der Haushalte, in denen nur eine Person lebt, an allen Haushalten","Anzahl der Haushalte mit Kindern","Anteil der Haushalte, in denen Kinder leben, an allen Haushalten","Anzahl der Haushalte, in denen Alleinerziehende leben","Anteil der Haushalte, in denen Alleinerziehende leben, an allen Haushalten mit Kindern","Fläche in km²","Einwohnerinnen und Einwohner je km²","Anzahl der Lebendgeborenen","Anzahl der Sterbefälle","Zuzüge über die Stadtteilgrenze im Jahr 2013","Zuzüge aus den sechs an Hamburg grenzenden Kreisen im Jahr 2013","Fortzüge über die Stadtteilgrenze im Jahr 2013","Fortzüge in die sechs an Hamburg grenzenden Kreise im Jahr 2013","Differenz der Zuzüge und Fortzüge über die Stadtteilgrenze","Sozial-versicherungs-pflichtig Beschäftigte am Wohnort","Anteil sozial-versicherungs-pflichtig Beschäftigter am Wohnort an den Erwerbsfähigen (15 bis unter 65-Jährige)","Anzahl der Arbeitslosen","Anteil der Arbeitslosen an den Erwerbsfähigen (15 bis unter 65-Jährige)","Jüngere Arbeitslose im Alter von 15 bis unter 25 Jahren","Anteil jüngerer Arbeitsloser (15 bis unter 25-Jährige) an den jüngeren Erwerbsfähigen (15 bis unter 25-Jährige)","Ältere Arbeitslose im Alter von 55 bis unter 65 Jahren","Anteil älterer Arbeitsloser (55 bis unter 65-Jährige) an den älteren Erwerbsfähigen (55 bis unter 65-Jährige)","Anzahl der Leistungs-empfängerinnen und Leistungs-empfänger nach SGB II","Anteil der Leistungs-empfängerinnen und Leistungs-empfänger nach SGB II an der Gesamt-bevölkerung","Anzahl der Leistungs-empfängerinnen und Leistungs-empfänger nach SGB II unter 15 Jahren","Anteil der Leistungs-empfängerinnen und Leistungs-empfänger nach SGB II unter 15 Jahren an der Bevölkerung unter 15 Jahren","Anzahl der Bedarfs-gemeinschaften nach SGB II","Anzahl der Lohn- und Einkommen-steuerpflichtigen (2010)","Gesamtbetrag der Einkünfte je Steuerpflichtigen (Lohn- und Einkommen-steuer) im Jahr","Anzahl der Wohngebäude","Anzahl der Wohnungen","Anzahl der bezugsfertig gewordenen Wohnungen im Jahr","Anzahl der Wohnungen in Ein- und Zweifamilien-häusern","Anteil der Wohnungen in Ein- und Zweifamilien-häusern an allen Wohnungen","Durchschnittliche Wohnungsgröße in m²","Durchschnittliche Wohnfläche je Einwohner/-in in m²","Anzahl der Sozialwohnungen","Anteil der Sozialwohnungen an allen Wohnungen","Anzahl der Sozialwohnungen mit Bindungsauslauf bis 2019","Anteil der Sozialwohnungen mit Bindungsauslauf bis 2019 an allen Sozialwohnungen","Durchschnittlicher Immobilienpreis für ein Grundstück in EUR/m²","Durchschnittlicher Immobilienpreis für ein Ein- bzw Zweifamilienhaus in EUR/m²","Durchschnittlicher Immobilienpreis für eine Eigentums-wohnung in EUR/m²","Kindergärten und Vorschulklassen für Kinder im Alter von 3 Jahren bis Schuleintritt","Anzahl der Grundschulen","Anzahl der Schülerinnen und Schüler der Sekundarstufe I (nach Wohnort)","Anteil der Schülerinnen und Schüler in Stadtteilschulen und Schulformen mit mehreren Bildungsgängen an allen Schülerinnen und Schülern der Sekundarstufe I (nach Wohnort)","Anteil der Schülerinnen und Schüler in Gymnasien an allen Schülerinnen und Schülern der Sekundarstufe I (nach Wohnort)","Anzahl der niedergelassenen Ärzte","Anzahl der Allgemeinärzte","Anzahl der Zahnärzte","Anzahl der Apotheken","Anzahl privater PKW","Anzahl der privaten PKW je 1 000 Einwohnerinnen und Einwohner"
"Hamburg-Altstadt","1675.0","162.0","9.7","219.0","13.1","341.0","20.4","664.0","39.6","101.0","62.3","1229.0","1.4","888.0","72.3","107.0","8.7","40.0","37.4","1.288","1300.0","15.0","12.0","283.0","24.0","306.0","21.0","-23.0","726.0","54.9","71.0","5.4","10.0","5.6","4.0","2.5","186.0","11.1","49.0","36.8","106.0","1728.0","26493.0","90.0","1129.0","131.0","17.0","1.5","70.2382639504","47.3426865672","214.0","19.0","54.0","25.2",".",".",".","1.0","0.0","50.0","60.0","34.0","139.0","34.0","49.0","10.0","463.0","276.417910448"
"HafenCity","1914.0","241.0","12.6","215.0","11.2","338.0","17.7","582.0","30.3","113.0","47.1","1073.0","1.9","499.0","46.5","166.0","15.5","27.0","16.3","2.423","790.0","40.0","8.0","375.0","34.0","304.0","29.0","71.0","788.0","53.4","14.0","0.9","0.0","0.0","0.0","0.0","4.0","0.2","0.0","0.0","3.0","1041.0","81470.0","61.0","1069.0","54.0","6.0","0.6","95.1936389149","53.1671891327","0.0","0.0","0.0","0.0",".",".","6465.0","2.0","1.0","28.0","25.0","75.0","8.0","3.0","4.0","1.0","704.0","367.816091954"
"Neustadt","12301.0","1334.0","10.8","1710.0","13.9","2514.0","20.4","4299.0","34.9","665.0","50.0","8584.0","1.5","5996.0","69.9","945.0","11.0","307.0","32.5","2.233","5509.0","134.0","79.0","1645.0","89.0","1718.0","144.0","-73.0","5094.0","53.9","577.0","6.1","31.0","3.2","77.0","5.8","1171.0","9.5","213.0","18.7","831.0","6709.0","31180.0","633.0","7272.0","0.0","66.0","0.9","62.4077282728","36.8936671815","1550.0","21.3","307.0","19.8",".",".",".","11.0","1.0","383.0","56.4","39.4","155.0","19.0","64.0","9.0","2965.0","241.03731404"
"St. Pauli","22392.0","2844.0","12.7","2072.0","9.3","4987.0","22.3","8125.0","36.3","1499.0","52.7","15133.0","1.5","10490.0","69.3","1881.0","12.4","616.0","32.7","2.298","9744.0","274.0","127.0","3270.0","171.0","3134.0","197.0","136.0","8242.0","46.3","1531.0","8.6","89.0","4.4","160.0","8.5","3448.0","15.4","724.0","28.9","2287.0","11067.0","25615.0","1258.0","12292.0","53.0","164.0","1.3","63.8077611455","35.0270185781","2185.0","17.8","816.0","37.3","893.0",".","4822.0","19.0","1.0","737.0","60.5","32.3","42.0","15.0","13.0","7.0","4262.0","190.335834227"
"St. Georg","10466.0","1031.0","9.9","1341.0","12.8","2338.0","22.3","3790.0","36.1","533.0","51.6","6851.0","1.5","4702.0","68.6","695.0","10.1","169.0","24.3","1.836","5700.0","108.0","100.0","1834.0","120.0","1932.0","118.0","-98.0","4091.0","49.7","484.0","5.9","27.0","2.5","71.0","6.8","893.0","8.5","151.0","16.8","619.0","5560.0","39261.0","518.0","5669.0","46.0","56.0","1.0","70.0160522138","37.9248041277","838.0","14.8","187.0","22.3","1446.0",".","4622.0","9.0","3.0","285.0","44.2","48.1","105.0","39.0","15.0","8.0","2244.0","214.408561055"
"Hammerbrook","2170.0","142.0","6.5","89.0","4.1","721.0","33.2","1013.0","46.3","107.0","76.4","1492.0","1.4","1094.0","73.3","92.0","6.2","31.0","33.7","2.464","881.0","17.0","11.0","1027.0","52.0","940.0","37.0","87.0","937.0","48.0","185.0","9.5","20.0","3.4","12.0","9.8","383.0","17.6","54.0","42.2","309.0","844.0","22664.0","68.0","1038.0","0.0","5.0","0.5","63.8275529865","30.5313364055","114.0","11.0","0.0","0.0","0.0",".",".","4.0","1.0","37.0","78.4","18.9","0.0","0.0","10.0","0.0","365.0","168.202764977"
"Borgfelde","7085.0","619.0","8.7","988.0","13.9","1726.0","24.4","2761.0","39.0","390.0","63.6","4283.0","1.4","3013.0","70.3","370.0","8.6","113.0","30.5","0.864","8200.0","73.0","59.0","1441.0","91.0","1261.0","82.0","180.0","2863.0","51.5","300.0","5.4","35.0","3.0","37.0","6.0","651.0","9.2","126.0","23.5","452.0","3496.0","23026.0","373.0","3986.0","71.0","35.0","0.9","57.023833417","32.0814396613","163.0","4.1","33.0","20.2","534.0",".","2055.0","5.0","0.0","185.0","61.1","30.3","5.0","2.0","3.0","0.0","1639.0","231.333803811"
"Hamm","37520.0","4079.0","10.9","5686.0","15.2","6422.0","17.1","12336.0","32.9","2433.0","60.0","25783.0","1.5","17631.0","68.4","2760.0","10.7","936.0","33.9","3.763","9971.0","395.0","316.0","5044.0","465.0","5424.0","586.0","-380.0","16836.0","59.5","1791.0","6.3","114.0","2.6","233.0","6.8","4066.0","10.8","1034.0","29.4","2494.0","20796.0","23447.0","2288.0","22835.0","48.0","250.0","1.1","58.4699802934","35.5853411514","1182.0","5.2","263.0","22.3","321.0","2086.0","2228.0","14.0","4.0","1099.0","58.8","35.6","30.0","14.0","30.0","7.0","10272.0","273.773987207"
"Horn","37614.0","5569.0","14.8","6188.0","16.5","8467.0","22.5","17232.0","45.7","3900.0","69.9","22398.0","1.7","13107.0","58.5","3478.0","15.5","1195.0","34.4","5.822","6461.0","378.0","382.0","4579.0","365.0","4649.0","529.0","-70.0","13755.0","51.5","2286.0","8.6","151.0","2.9","306.0","8.0","6452.0","17.2","1816.0","38.5","3606.0","17499.0","20043.0","2749.0","19351.0","49.0","983.0","5.1","60.8597488502","31.3100707183","1661.0","8.6","702.0","42.3","266.0","2176.0","1815.0","15.0","6.0","1730.0","64.6","28.6","36.0","23.0","13.0","7.0","9945.0","264.396235444"
"Billstedt","69570.0","13398.0","19.3","12276.0","17.6","16153.0","23.2","36713.0","52.7","9609.0","71.9","34448.0","2.0","15626.0","45.4","7767.0","22.5","2423.0","31.2","16.841","4131.0","760.0","655.0","6094.0","515.0","5870.0","896.0","224.0","22496.0","48.6","4427.0","9.6","396.0","4.6","655.0","7.6","15417.0","22.2","4830.0","43.7","7461.0","29057.0","21705.0","7726.0","31220.0","75.0","6032.0","19.3","71.8962203716","32.2639068564","9219.0","29.5","2047.0","22.2","278.0","2165.0","1793.0","24.0","9.0","4559.0","67.1","27.3","92.0","43.0","35.0","11.0","21049.0","302.558574098"
"Billbrook","1398.0","367.0","26.3","116.0","8.3","900.0","64.4","1002.0","71.3","349.0","94.6","610.0","2.0","360.0","59.0","129.0","21.1","35.0","27.1","6.124","228.0","26.0","4.0","446.0","7.0","581.0","20.0","-135.0","318.0","32.4","129.0","13.2","7.0","3.5","16.0","12.7","372.0","26.6","100.0","33.1","219.0","382.0","25240.0","82.0","283.0","1.0","71.0","25.1","65.5123674912","13.2618025751","0.0","0.0","0.0","0.0","178.0",".",".","1.0","0.0","130.0","73.8","8.5","0.0","0.0","0.0","0.0","222.0","158.798283262"
"Rothenburgsort","8992.0","1496.0","16.6","1323.0","14.7","2353.0","26.2","4628.0","51.4","1149.0","76.8","5145.0","1.8","3001.0","58.3","874.0","17.0","287.0","32.8","7.369","1220.0","96.0","98.0","1259.0","93.0","1128.0","136.0","131.0","3134.0","48.9","647.0","10.1","47.0","4.2","79.0","8.4","1927.0","21.4","594.0","47.2","996.0","3830.0","18976.0","516.0","4521.0","56.0","134.0","3.0","60.6476443265","30.4924377224","848.0","18.8","295.0","34.8","219.0",".","2921.0","4.0","1.0","415.0","73.0","19.3","5.0","5.0","5.0","2.0","2211.0","245.885231317"
"Veddel","4709.0","995.0","21.1","376.0","8.0","2115.0","44.9","3323.0","70.4","918.0","92.8","2529.0","1.9","1484.0","58.7","526.0","20.8","141.0","26.8","4.365","1079.0","59.0","17.0","615.0","47.0","828.0","49.0","-213.0","1500.0","43.1","353.0","10.1","33.0","4.4","31.0","8.8","1230.0","26.1","396.0","46.6","565.0","1910.0","14633.0","210.0","2040.0","0.0","14.0","0.7","60.9637254902","26.4102781907","414.0","20.3","0.0","0.0","157.0",".",".","2.0","1.0","340.0","71.5","25.0","1.0","1.0","3.0","1.0","753.0","159.906561903"
"Wilhelmsburg","52372.0","10943.0","20.9","7273.0","13.9","16751.0","32.0","30209.0","57.6","8437.0","77.2","25573.0","2.1","12415.0","48.5","5999.0","23.5","1596.0","26.6","35.255","1486.0","692.0","406.0","5414.0","408.0","4720.0","543.0","694.0","16260.0","45.2","3739.0","10.4","328.0","4.5","417.0","8.8","12142.0","23.2","4124.0","45.2","5517.0","20153.0","20098.0","4578.0","22096.0","174.0","3131.0","14.2","69.4583635047","29.3048193691","5652.0","25.6","1540.0","27.2","144.0","2189.0",".","21.0","8.0","3645.0","67.7","23.2","69.0","43.0","21.0","9.0","12827.0","244.920950126"
"Kleiner Grasbrook und Steinwerder","1259.0","88.0","7.0","62.0","4.9","463.0","36.8","606.0","48.0","75.0","86.2","1004.0","1.3","788.0","78.5","53.0","5.3","27.0","50.9","12.3","102.0","4.0","9.0","417.0","38.0","594.0","25.0","-177.0","416.0","37.0","112.0","10.0","16.0","4.4","8.0","7.5","244.0","19.4","45.0","62.5","175.0","621.0","11663.0","70.0","735.0","0.0","2.0","0.3","50.5891156463","29.53375695","0.0","0.0","0.0","0.0",".",".",".","0.0","0.0","34.0","76.5","14.7","0.0","0.0","0.0","0.0","106.0","84.1938046068"
"Waltershof und Finkenwerder","11662.0","1943.0","16.7","2244.0","19.2","1693.0","14.5","2971.0","25.5","789.0","40.6","6148.0","1.9","3031.0","49.3","1187.0","19.3","317.0","26.7","28.598","408.0","96.0","133.0","885.0","112.0","872.0","178.0","13.0","4467.0","56.7","427.0","5.4","31.0","2.2","71.0","4.9","1064.0","9.1","302.0","19.7","589.0","5842.0","29837.0","2287.0","5755.0","1.0","1906.0","33.1","75.3339704605","37.1760418453","785.0","13.6","228.0","29.0","236.0","1976.0",".","5.0","2.0","734.0","52.2","44.8","7.0","5.0","6.0","3.0","4183.0","358.686331676"
"Altona-Altstadt","28227.0","4151.0","14.7","3663.0","13.0","5709.0","20.2","10475.0","37.1","2225.0","53.6","17530.0","1.6","11126.0","63.5","2722.0","15.5","920.0","33.8","2.749","10268.0","314.0","272.0","3536.0","206.0","3453.0","243.0","83.0","10419.0","49.6","1612.0","7.7","102.0","4.0","220.0","8.2","3953.0","14.0","928.0","26.1","2467.0","14133.0","27287.0","1582.0","15570.0","51.0","183.0","1.2","63.0760436737","34.7927161937","2865.0","18.4","867.0","30.3","1147.0",".","4022.0","30.0","4.0","1159.0","58.2","37.6","173.0","46.0","41.0","9.0","6367.0","225.564176143"
"Sternschanze","7805.0","1111.0","14.2","805.0","10.3","1618.0","20.7","2756.0","35.4","547.0","49.4","5027.0","1.6","3359.0","66.8","735.0","14.6","262.0","35.6","0.551","14165.0","113.0","113.0","1283.0","39.0","1313.0","56.0","-30.0","3012.0","50.0","397.0","6.6","25.0","3.5","50.0","9.4","935.0","12.0","234.0","24.1","552.0","4108.0","28257.0","494.0","4165.0","0.0","79.0","1.9","68.1795918367","36.3828315183","478.0","11.5","36.0","7.5","893.0",".",".","4.0","1.0","291.0","53.3","40.5","36.0","9.0","5.0","4.0","1505.0","192.825112108"
"Altona-Nord","21834.0","3337.0","15.3","2093.0","9.6","4098.0","18.8","7617.0","34.9","1713.0","51.4","13563.0","1.6","8615.0","63.5","2178.0","16.1","650.0","29.8","2.177","10029.0","284.0","106.0","2773.0","181.0","2908.0","213.0","-135.0","8939.0","52.9","1226.0","7.3","79.0","3.9","146.0","7.2","2754.0","12.6","659.0","23.1","1692.0","11411.0","27257.0","1138.0","11636.0","0.0","116.0","1.0","63.8952389137","34.0517083448","1429.0","12.3","244.0","17.1","793.0",".","4022.0","13.0","2.0","950.0","53.6","40.3","29.0","6.0","6.0","5.0","5140.0","235.412659155"
"Ottensen","34593.0","5297.0","15.3","4378.0","12.7","4666.0","13.5","8884.0","25.7","1806.0","34.2","21315.0","1.7","13027.0","61.1","3582.0","16.8","1100.0","30.7","2.862","12087.0","463.0","203.0","4124.0","280.0","3678.0","353.0","446.0","13689.0","53.4","1348.0","5.3","71.0","2.5","182.0","5.0","2505.0","7.2","534.0","11.6","1637.0","18369.0","36708.0","2360.0","18932.0","305.0","405.0","2.1","70.15560955","38.3946463157","1429.0","7.5","376.0","26.3","1185.0",".","4451.0","33.0","5.0","1469.0","50.2","46.1","167.0","27.0","55.0","11.0","9533.0","275.57598358"
"Bahrenfeld","27274.0","4105.0","15.1","4059.0","14.9","4018.0","14.7","7596.0","27.9","1689.0","41.3","16220.0","1.7","9636.0","59.4","2608.0","16.1","731.0","28.0","10.857","2512.0","333.0","253.0","3609.0","279.0","3567.0","402.0","42.0","11313.0","57.3","1175.0","6.0","81.0","3.1","169.0","6.7","2446.0","9.0","524.0","15.1","1627.0","14615.0","31146.0","3473.0","14028.0","28.0","2283.0","16.3","69.1390789849","35.5607171665","664.0","4.7","339.0","51.1","558.0","4236.0","3058.0","22.0","5.0","1275.0","55.2","41.9","34.0","15.0","22.0","5.0","8413.0","308.462271761"
"Groß Flottbek","10792.0","2203.0","20.4","2338.0","21.7","1300.0","12.0","2250.0","20.8","602.0","27.3","5187.0","2.1","2231.0","43.0","1297.0","25.0","191.0","14.7","2.414","4471.0","97.0","94.0","1413.0","71.0","1325.0","123.0","88.0","2920.0","44.2","134.0","2.0","4.0","0.4","31.0","2.9","100.0","0.9","15.0","0.8","73.0","5108.0","81320.0","2414.0","5175.0","36.0","2186.0","42.2","103.367729469","49.5670867309","36.0","0.7","0.0","0.0","942.0","4615.0","3650.0","7.0","1.0","725.0","14.6","84.8","62.0","10.0","23.0","5.0","4599.0","426.148999259"
"Othmarschen","12854.0","2402.0","18.7","3050.0","23.7","1219.0","9.5","2520.0","19.6","643.0","26.7","6373.0","2.0","2860.0","44.9","1424.0","22.3","215.0","15.1","6.014","2137.0","123.0","164.0","1333.0","73.0","1263.0","112.0","70.0","3471.0","44.6","189.0","2.4","7.0","0.6","32.0","2.2","140.0","1.1","17.0","0.8","112.0","6512.0","104692.0","2676.0","6203.0","13.0","2340.0","37.7","115.921167177","55.940485452","61.0","1.0","0.0","0.0","1247.0","5236.0","5440.0","16.0","3.0","689.0","13.8","86.1","37.0","8.0","7.0","1.0","6044.0","470.203827602"
"Lurup","35070.0","6769.0","19.3","6611.0","18.9","6277.0","17.9","15104.0","43.1","4198.0","62.3","17045.0","2.0","7453.0","43.7","3921.0","23.0","1144.0","29.2","6.377","5499.0","340.0","341.0","3558.0","484.0","2654.0","584.0","904.0","11756.0","51.4","1853.0","8.1","196.0","4.6","262.0","6.6","5666.0","16.2","1804.0","32.4","2752.0","15116.0","24990.0","5325.0","15584.0","266.0","5100.0","32.7","76.9578413758","34.1976333048","2892.0","18.6","1529.0","52.9","341.0","2390.0","2192.0","19.0","4.0","2273.0","59.5","35.6","33.0","15.0","13.0","6.0","11223.0","320.01710864"
"Osdorf","25773.0","5015.0","19.5","5966.0","23.1","3831.0","14.9","9182.0","35.6","2610.0","52.2","12897.0","2.0","5842.0","45.3","2928.0","22.7","875.0","29.9","7.259","3550.0","257.0","344.0","2455.0","213.0","2110.0","337.0","345.0","7694.0","49.5","1139.0","7.3","104.0","4.0","171.0","6.0","3564.0","13.8","1148.0","26.9","1758.0","11385.0","42846.0","3986.0","12367.0","139.0","3300.0","26.7","84.0690547425","40.3399681838","1972.0","15.9","843.0","42.7","656.0","3195.0","2448.0","13.0","4.0","1506.0","51.3","44.1","65.0","17.0","13.0","6.0","8997.0","349.086253056"
"Nienstedten","7271.0","1513.0","20.8","1821.0","25.0","749.0","10.3","1312.0","18.1","360.0","23.9","3529.0","2.1","1550.0","43.9","859.0","24.3","128.0","14.9","4.39","1656.0","51.0","79.0","805.0","50.0","758.0","87.0","47.0","1629.0","38.8","63.0","1.5","0.0","0.0","16.0","2.1","34.0","0.5","4.0","0.3","29.0","3351.0","138941.0","1786.0","3168.0","8.0","1678.0","53.0","123.390467172","53.7616558933","0.0","0.0","0.0","0.0","1145.0","6128.0","4962.0","8.0","1.0","472.0","21.2","76.9","16.0","2.0","9.0","2.0","3555.0","488.928620547"
"Blankenese","13122.0","2351.0","17.9","3625.0","27.6","1030.0","7.8","2123.0","16.2","556.0","23.7","6876.0","2.0","3155.0","45.9","1358.0","19.7","245.0","18.0","8.252","1590.0","94.0","104.0","1275.0","112.0","1134.0","136.0","141.0","3178.0","42.3","181.0","2.4","3.0","0.3","43.0","2.7","143.0","1.1","24.0","1.2","106.0","6166.0","101406.0","3337.0","6645.0","52.0","3061.0","46.1","116.147328819","58.8171772596","32.0","0.5","0.0","0.0","1455.0","5396.0","4207.0","12.0","3.0","757.0","22.1","77.5","94.0","27.0","25.0","7.0","6413.0","488.72123152"
"Iserbrook","11130.0","1937.0","17.4","2864.0","25.7","850.0","7.6","2171.0","19.5","579.0","29.8","5857.0","1.9","2701.0","46.1","1205.0","20.6","302.0","25.1","2.657","4189.0","89.0","143.0","1001.0","91.0","810.0","139.0","191.0","3630.0","54.2","288.0","4.3","15.0","1.4","52.0","4.3","585.0","5.3","158.0","10.1","337.0","5562.0","35790.0","2428.0","5567.0","47.0","2259.0","40.6","83.1052631579","41.5675651393","132.0","2.4","32.0","24.2","482.0","3144.0","2593.0","8.0","3.0","677.0","48.3","48.9","10.0","8.0","6.0","1.0","4590.0","412.398921833"
"Sülldorf","9137.0","1758.0","19.2","2026.0","22.2","875.0","9.6","1827.0","20.0","439.0","25.0","4519.0","2.0","2047.0","45.3","1051.0","23.3","254.0","24.2","5.603","1631.0","80.0","75.0","923.0","105.0","842.0","156.0","81.0","2737.0","48.3","250.0","4.4","18.0","1.9","48.0","4.8","517.0","5.7","113.0","7.8","347.0","4423.0","42532.0","2341.0","4299.0","25.0","2212.0","51.5","90.5387299372","42.5988836598","287.0","6.7","79.0","27.5","603.0","4029.0","2687.0","3.0","1.0","631.0","41.5","56.3","11.0","7.0","3.0","2.0","3588.0","392.689066433"
"Rissen","15015.0","2610.0","17.4","4618.0","30.8","964.0","6.4","2267.0","15.1","592.0","22.7","7669.0","2.0","3463.0","45.2","1567.0","20.4","274.0","17.5","16.648","902.0","101.0","230.0","1211.0","187.0","1038.0","236.0","173.0","4039.0","49.2","261.0","3.2","15.0","1.2","63.0","3.6","453.0","3.0","101.0","4.6","292.0","7184.0","61866.0","3666.0","7367.0","66.0","3403.0","46.2","98.7281118501","48.4402264402","178.0","2.4","0.0","0.0","507.0","3581.0","2665.0","8.0","2.0","899.0","32.3","66.5","35.0","7.0","16.0","4.0","6519.0","434.165834166"
"Eimsbüttel","56097.0","6791.0","12.1","6899.0","12.3","6540.0","11.7","12213.0","21.8","2170.0","32.1","38195.0","1.5","25988.0","68.0","4722.0","12.4","1361.0","28.8","3.204","17508.0","761.0","333.0","7099.0","493.0","7010.0","572.0","89.0","24798.0","57.4","1935.0","4.5","74.0","1.6","315.0","5.7","3062.0","5.5","551.0","9.2","2179.0","32786.0","34493.0","3224.0","33790.0","31.0","294.0","0.9","63.698076354","38.3685045546","601.0","1.8","85.0","14.1","1085.0","3755.0","3768.0","62.0","9.0","1623.0","35.9","60.0","264.0","37.0","63.0","13.0","15308.0","272.884467975"
"Rotherbaum","16091.0","2182.0","13.6","2425.0","15.1","2580.0","16.0","4510.0","28.0","756.0","34.6","10492.0","1.6","6818.0","65.0","1429.0","13.6","346.0","24.2","2.684","5995.0","191.0","87.0","2514.0","136.0","2373.0","110.0","141.0","5452.0","46.4","393.0","3.3","11.0","0.8","55.0","3.2","507.0","3.2","95.0","5.0","378.0","8473.0","63460.0","1174.0","9763.0","7.0","321.0","3.3","82.3721192256","49.9781865639","79.0","0.8","0.0","0.0","2611.0","7477.0","5312.0","18.0","2.0","591.0","17.9","79.9","126.0","18.0","47.0","8.0","5351.0","332.546143807"
"Harvestehude","16875.0","2540.0","15.1","3502.0","20.8","1688.0","10.0","3767.0","22.3","747.0","29.4","10391.0","1.7","6188.0","59.6","1592.0","15.3","341.0","21.4","2.019","8358.0","172.0","133.0","2080.0","127.0","1949.0","128.0","131.0","5076.0","45.3","409.0","3.7","13.0","1.0","64.0","3.2","549.0","3.3","83.0","3.8","417.0","8916.0","88273.0","1341.0","9937.0","166.0","528.0","5.3","96.7538492503","56.9744","112.0","1.1","88.0","78.6","2793.0","7892.0","5900.0","16.0","1.0","761.0","15.5","83.3","124.0","14.0","45.0","5.0","6673.0","395.437037037"
"Hoheluft-West","13033.0","1597.0","12.3","1717.0","13.2","1274.0","9.8","2437.0","18.7","400.0","25.2","8713.0","1.5","5740.0","65.9","1133.0","13.0","308.0","27.2","0.69","18888.0","175.0","90.0","1837.0","84.0","1799.0","136.0","38.0","5838.0","58.9","360.0","3.6","16.0","1.4","54.0","4.0","438.0","3.4","69.0","4.9","324.0","7865.0","37785.0","793.0","7866.0","0.0","110.0","1.4","66.3521484872","40.0464973529","28.0","0.4","16.0","57.1","1276.0",".","4067.0","8.0","1.0","422.0","24.6","74.2","24.0","7.0","12.0","3.0","3796.0","291.260646052"
"Lokstedt","27493.0","4313.0","15.7","5668.0","20.6","3569.0","13.0","7629.0","27.8","1849.0","43.0","14840.0","1.8","7964.0","53.7","2665.0","18.0","622.0","23.3","4.858","5659.0","284.0","316.0","4019.0","295.0","2825.0","319.0","1194.0","10121.0","55.8","785.0","4.3","61.0","2.1","114.0","4.1","1912.0","7.0","542.0","14.8","1032.0","13775.0","37901.0","3134.0","14576.0","388.0","2115.0","14.5","73.7618002195","39.1063907176","1166.0","8.0","1061.0","91.0","646.0","3673.0","3171.0","20.0","4.0","1253.0","37.5","55.8","60.0","18.0","16.0","7.0","9263.0","336.922125632"
"Niendorf","40145.0","6008.0","15.0","10802.0","26.9","2745.0","6.8","7014.0","17.5","1678.0","28.0","21516.0","1.9","10085.0","46.9","3847.0","17.9","853.0","22.2","12.698","3162.0","307.0","454.0","3084.0","359.0","2682.0","508.0","402.0","14183.0","57.9","826.0","3.4","61.0","1.6","162.0","3.3","1451.0","3.6","303.0","6.2","931.0","20942.0","38497.0","8306.0","20427.0","92.0","7157.0","35.0","85.1579282322","43.3309503051","797.0","3.9","532.0","66.8","437.0","3036.0","2589.0","17.0","5.0","2087.0","40.0","57.7","88.0","19.0","39.0","9.0","17302.0","430.987669697"
"Schnelsen","27853.0","5147.0","18.5","5669.0","20.4","2903.0","10.4","7378.0","26.5","2108.0","41.1","13586.0","2.0","5793.0","42.6","3215.0","23.7","882.0","27.4","8.978","3102.0","211.0","275.0","2514.0","384.0","2298.0","591.0","216.0","10036.0","55.4","918.0","5.1","67.0","2.0","144.0","4.5","2480.0","8.9","749.0","18.4","1289.0","13379.0","35223.0","5584.0","12811.0","147.0","5101.0","39.8","88.4340800874","40.6752953003","1794.0","14.0","244.0","13.6","392.0","2643.0","2288.0","21.0","4.0","1856.0","60.7","36.5","41.0","16.0","27.0","6.0","11570.0","415.395110042"
"Eidelstedt","30935.0","4907.0","15.9","7149.0","23.1","4235.0","13.7","9671.0","31.2","2482.0","50.6","16639.0","1.9","8161.0","49.0","3057.0","18.4","864.0","28.3","8.69","3560.0","341.0","338.0","2783.0","389.0","2801.0","611.0","-18.0","10901.0","55.1","1242.0","6.3","100.0","3.0","174.0","4.8","3378.0","10.9","1006.0","25.2","1805.0","15112.0","27988.0","4956.0","15343.0","30.0","4270.0","27.8","74.9707358404","37.1836431227","1654.0","10.8","596.0","36.0","348.0","2507.0","2327.0","11.0","5.0","1550.0","61.4","34.7","50.0","14.0","21.0","6.0","11082.0","358.23500889"
"Stellingen","23818.0","3117.0","13.1","4929.0","20.7","3477.0","14.6","7031.0","29.5","1444.0","46.6","13873.0","1.7","7999.0","57.7","2041.0","14.7","548.0","26.8","5.782","4119.0","250.0","248.0","3361.0","265.0","2993.0","446.0","368.0","9300.0","57.2","941.0","5.8","61.0","2.4","141.0","5.8","1927.0","8.1","430.0","16.3","1245.0","12062.0","30114.0","2718.0","13182.0","48.0","1661.0","12.6","69.3500986193","38.3816021496","150.0","1.1","59.0","39.3","341.0","2720.0","2601.0","11.0","3.0","907.0","49.4","44.2","40.0","13.0","10.0","3.0","8058.0","338.315559661"
"Hoheluft-Ost","9331.0","1190.0","12.8","1428.0","15.3","981.0","10.5","1898.0","20.4","317.0","27.0","6135.0","1.6","3896.0","63.5","815.0","13.3","224.0","27.5","0.581","16060.0","123.0","51.0","1127.0","57.0","1211.0","116.0","-84.0","3859.0","56.3","263.0","3.8","10.0","1.5","53.0","4.9","334.0","3.6","39.0","3.7","273.0","5298.0","48162.0","624.0","5837.0","26.0","93.0","1.6","72.1547027583","45.1363197942","172.0","2.9","74.0","43.0","1623.0",".","4067.0","6.0","1.0","315.0","23.2","75.9","162.0","46.0","17.0","4.0","3168.0","339.513449791"
"Eppendorf","23777.0","3135.0","13.2","4222.0","17.8","2100.0","8.8","4408.0","18.5","847.0","27.1","15054.0","1.6","9464.0","62.9","2095.0","13.9","499.0","23.8","2.716","8754.0","292.0","205.0","3164.0","211.0","2854.0","187.0","310.0","9581.0","56.8","533.0","3.2","20.0","1.0","105.0","4.4","585.0","2.5","81.0","3.0","456.0","13328.0","61052.0","1619.0","13987.0","55.0","368.0","2.6","79.819475227","46.9544097237","682.0","4.9","71.0","10.4","1767.0","5103.0","4340.0","14.0","3.0","817.0","21.7","74.5","147.0","25.0","41.0","11.0","8001.0","336.501661269"
"Groß Borstel","8086.0","1279.0","15.8","1740.0","21.5","841.0","10.4","1708.0","21.1","374.0","29.3","4599.0","1.8","2578.0","56.1","794.0","17.3","189.0","23.8","4.533","1784.0","124.0","89.0","996.0","65.0","867.0","110.0","129.0","2818.0","53.3","253.0","4.8","8.0","1.0","52.0","5.1","498.0","6.2","88.0","8.3","363.0","3955.0","39426.0","1735.0","4396.0","21.0","1563.0","35.6","74.3510009099","40.4213455355","255.0","5.8","135.0","52.9","454.0","3358.0","2379.0","8.0","2.0","420.0","42.9","53.3","9.0","6.0","7.0","2.0","3135.0","387.707148157"
"Alsterdorf","13749.0","2285.0","16.6","2720.0","19.8","1608.0","11.7","3218.0","23.4","815.0","35.8","7383.0","1.8","4019.0","54.4","1354.0","18.3","358.0","26.4","3.061","4492.0","145.0","168.0","1679.0","118.0","1523.0","135.0","156.0","4658.0","51.1","341.0","3.7","18.0","1.4","57.0","3.7","741.0","5.4","213.0","11.1","434.0","6459.0","51489.0","1933.0","7174.0","93.0","1282.0","17.9","77.997212155","40.6976507382","722.0","10.1","386.0","53.5","627.0","3884.0","3239.0","10.0","2.0","683.0","35.9","59.2","34.0","9.0","11.0","5.0","5019.0","365.044730526"
"Winterhude","51549.0","5984.0","11.6","7765.0","15.1","5793.0","11.2","11017.0","21.4","1874.0","31.5","33963.0","1.5","22656.0","66.7","4056.0","11.9","1076.0","26.5","7.6","6783.0","669.0","359.0","7327.0","503.0","6813.0","646.0","514.0","22515.0","58.4","1440.0","3.7","66.0","1.4","232.0","4.6","2246.0","4.4","416.0","8.0","1596.0","29212.0","48915.0","3510.0","31371.0","179.0","686.0","2.2","68.9839660833","41.9813381443","866.0","2.8","423.0","48.8","1942.0","4725.0","4384.0","36.0","6.0","1598.0","41.9","55.7","222.0","40.0","68.0","14.0","16896.0","327.76581505"
"Uhlenhorst","16501.0","1827.0","11.1","3377.0","20.5","1716.0","10.4","3603.0","21.8","632.0","34.6","10803.0","1.6","6931.0","64.2","1267.0","11.7","283.0","22.3","2.176","7583.0","190.0","216.0","2351.0","187.0","1979.0","180.0","372.0","6534.0","56.9","400.0","3.5","10.0","0.9","82.0","4.8","442.0","2.7","60.0","3.7","334.0","9688.0","57277.0","1130.0","10117.0","131.0","197.0","1.9","77.5638034991","47.555481486","0.0","0.0","0.0","0.0","2625.0",".","4836.0","11.0","1.0","435.0","26.2","71.7","95.0","24.0","18.0","4.0","6139.0","372.038058299"
"Hohenfelde","9149.0","961.0","10.5","1558.0","17.0","1470.0","16.1","2901.0","31.8","515.0","53.7","6033.0","1.5","4082.0","67.7","617.0","10.2","168.0","27.2","1.145","7990.0","83.0","108.0","1429.0","80.0","1416.0","119.0","13.0","3760.0","55.5","296.0","4.4","17.0","1.8","41.0","4.6","613.0","6.7","134.0","16.3","392.0","4973.0","36850.0","660.0","5537.0","0.0","131.0","2.4","67.2904099693","40.7243414581","343.0","6.2","282.0","82.2","1200.0",".","3987.0","3.0","0.0","252.0","45.2","48.4","33.0","12.0","13.0","3.0","2648.0","289.430538857"
"Barmbek-Süd","32782.0","3105.0","9.5","5100.0","15.6","3917.0","11.9","7902.0","24.1","1368.0","44.3","22991.0","1.4","16015.0","69.7","2239.0","9.7","775.0","34.6","3.06","10713.0","323.0","298.0","4911.0","412.0","4426.0","494.0","485.0","15437.0","61.8","1335.0","5.3","67.0","2.1","216.0","7.2","2377.0","7.3","479.0","17.8","1635.0","18800.0","28731.0","2042.0","21156.0","270.0","112.0","0.5","58.137171488","37.5190653407","643.0","3.0","313.0","48.7","638.0",".","3116.0","24.0","3.0","809.0","53.3","43.4","46.0","22.0","25.0","7.0","9545.0","291.165883717"
"Dulsberg","17234.0","2226.0","12.9","2038.0","11.8","3575.0","20.7","6943.0","40.3","1578.0","71.4","11902.0","1.5","8366.0","70.3","1408.0","11.8","651.0","46.2","1.187","14519.0","185.0","148.0","2286.0","170.0","2445.0","213.0","-159.0","7490.0","56.4","1215.0","9.2","82.0","3.7","135.0","8.7","3283.0","19.0","917.0","47.7","1954.0","8800.0","19453.0","1064.0","10594.0","0.0","39.0","0.4","53.2289975458","32.7206684461","1016.0","9.6","347.0","34.2","597.0",".","2218.0","8.0","1.0","663.0","71.3","23.8","22.0","8.0","8.0","3.0","3820.0","221.654868284"
"Barmbek-Nord","39890.0","3678.0","9.2","5633.0","14.1","4564.0","11.4","9335.0","23.4","1605.0","43.8","28528.0","1.4","20267.0","71.0","2605.0","9.1","849.0","32.6","3.914","10192.0","406.0","377.0","5899.0","558.0","5246.0","591.0","653.0","19505.0","62.8","1801.0","5.8","105.0","2.4","235.0","6.7","3510.0","8.8","672.0","21.1","2499.0","22404.0","25545.0","2650.0","26315.0","130.0","261.0","1.0","56.2438913167","37.1034845826","667.0","2.5","365.0","54.7","624.0",".","2612.0","11.0","2.0","964.0","58.7","38.0","92.0","26.0","36.0","12.0","10706.0","268.388067185"
"Ohlsdorf","15085.0","2282.0","15.1","2626.0","17.4","1263.0","8.4","2826.0","18.7","591.0","26.0","8878.0","1.7","5133.0","57.8","1434.0","16.2","359.0","25.0","7.166","2105.0","145.0","130.0","1759.0","159.0","1843.0","227.0","-84.0","5971.0","56.7","444.0","4.2","28.0","2.0","79.0","5.0","914.0","6.1","187.0","9.7","615.0","8464.0","35324.0","2380.0","8252.0","99.0","1718.0","20.8","72.8709403781","39.8628438847","395.0","4.8","299.0","75.7","576.0","3049.0","2527.0","8.0","1.0","649.0","49.9","47.3","14.0","7.0","8.0","4.0","5245.0","347.69638714"
"Fuhlsbüttel","12130.0","1814.0","15.0","2515.0","20.7","1090.0","9.0","2293.0","18.9","489.0","27.2","7026.0","1.7","3832.0","54.5","1166.0","16.6","320.0","27.4","6.582","1843.0","126.0","110.0","1335.0","119.0","1356.0","220.0","-21.0","4719.0","58.1","388.0","4.8","30.0","2.5","61.0","4.6","751.0","6.2","180.0","12.1","470.0","6507.0","35699.0","2038.0","6650.0","4.0","1492.0","22.4","76.2210526316","41.7864798021","182.0","2.7","41.0","22.5","511.0","3584.0","2482.0","8.0","2.0","594.0","38.6","60.1","25.0","7.0","20.0","4.0","4659.0","384.089035449"
"Langenhorn","42030.0","7112.0","16.9","8784.0","20.9","4668.0","11.1","10659.0","25.4","2816.0","39.8","21831.0","1.9","10557.0","48.4","4315.0","19.8","1202.0","27.9","13.753","3056.0","367.0","505.0","4117.0","594.0","3823.0","920.0","294.0","15158.0","55.1","1467.0","5.3","146.0","3.0","248.0","5.1","3900.0","9.3","1174.0","20.4","2068.0","20413.0","28562.0","9023.0","20189.0","154.0","8207.0","40.7","75.4439546288","36.2393052581","2298.0","11.4","1320.0","57.4","301.0","2262.0","2117.0","23.0","6.0","2430.0","55.1","40.2","83.0","21.0","25.0","10.0","15823.0","376.469188675"
"Eilbek","20887.0","2187.0","10.5","3519.0","16.8","2662.0","12.7","5665.0","27.1","1139.0","52.2","14178.0","1.5","9510.0","67.1","1486.0","10.5","436.0","29.3","1.726","12101.0","216.0","209.0","2798.0","234.0","2701.0","329.0","97.0","9458.0","61.1","821.0","5.3","44.0","2.1","126.0","6.3","1581.0","7.6","359.0","18.9","1018.0","12083.0","28782.0","1526.0","12918.0","12.0","186.0","1.4","62.190354544","38.4629195193","427.0","3.3","30.0","7.0","752.0","3419.0","3085.0","12.0","3.0","583.0","49.2","46.0","35.0","12.0","26.0","4.0","6135.0","293.723368602"
"Wandsbek","33388.0","3938.0","11.8","6669.0","20.0","4378.0","13.1","9731.0","29.1","2055.0","52.4","21008.0","1.6","12903.0","61.4","2626.0","12.5","762.0","29.0","5.994","5570.0","310.0","337.0","4221.0","387.0","3913.0","490.0","308.0","14082.0","60.0","1409.0","6.0","91.0","2.4","225.0","6.5","2967.0","8.9","713.0","21.9","1826.0","17569.0","26844.0","3864.0","19569.0","130.0","2237.0","11.4","64.6739741428","37.9059841859","928.0","4.7","201.0","21.7","384.0","2641.0","2444.0","13.0","5.0","1134.0","54.3","41.6","62.0","26.0","40.0","8.0","11241.0","336.677848329"
"Marienthal","12297.0","1756.0","14.3","2777.0","22.6","1015.0","8.3","2687.0","21.8","621.0","35.3","6945.0","1.8","3672.0","52.9","1154.0","16.6","232.0","20.1","3.253","3780.0","142.0","174.0","1369.0","115.0","1346.0","193.0","23.0","4568.0","57.0","310.0","3.9","19.0","1.7","66.0","4.9","566.0","4.6","124.0","8.3","353.0","6676.0","51563.0","2122.0","6489.0","13.0","1573.0","24.2","89.7853290183","47.3787915752","25.0","0.4","24.0","96.0","496.0","3299.0","2815.0","9.0","1.0","493.0","31.4","66.9","73.0","13.0","15.0","5.0","5238.0","425.957550622"
"Jenfeld","24710.0","4624.0","18.7","4559.0","18.5","4569.0","18.5","12414.0","50.2","3246.0","70.4","12416.0","2.0","5869.0","47.3","2673.0","21.5","842.0","31.5","5.025","4917.0","255.0","255.0","2345.0","165.0","2350.0","350.0","-5.0","7565.0","46.4","1648.0","10.1","118.0","3.5","266.0","8.7","5143.0","20.8","1683.0","43.7","2440.0","10128.0","22025.0","2615.0","10751.0","16.0","2060.0","19.2","72.6715654358","31.6184540672","2197.0","20.4","1099.0","50.0","336.0","2258.0","1954.0","13.0","4.0","1619.0","64.6","29.7","30.0","13.0","18.0","5.0","7305.0","295.629299879"
"Tonndorf","13522.0","2165.0","16.0","2598.0","19.2","1735.0","12.8","4346.0","32.2","1141.0","53.1","7595.0","1.8","4022.0","53.0","1334.0","17.6","356.0","26.7","3.941","3431.0","147.0","168.0","1495.0","124.0","1422.0","250.0","73.0","5216.0","57.4","572.0","6.3","38.0","2.7","111.0","7.6","1408.0","10.4","415.0","22.6","788.0","6840.0","30509.0","2272.0","6944.0","78.0","1765.0","25.4","76.5733006912","39.3229551841","448.0","6.5","293.0","65.4","349.0","2463.0","1994.0","4.0","1.0","686.0","57.6","38.3","21.0","6.0","9.0","3.0","5226.0","386.48128975"
"Farmsen-Berne","33992.0","5840.0","17.2","6847.0","20.1","3432.0","10.1","9225.0","27.1","2448.0","42.0","17536.0","1.9","8085.0","46.1","3757.0","21.4","1000.0","26.6","8.256","4117.0","293.0","403.0","3216.0","232.0","2560.0","385.0","656.0","12718.0","57.0","1112.0","5.0","82.0","2.4","178.0","4.4","3537.0","10.4","1068.0","22.2","1805.0","16565.0","29526.0","6346.0","16512.0","158.0","5636.0","34.1","75.7647165698","36.8035714286","1084.0","6.6","85.0","7.8","375.0","2570.0","2152.0","21.0","8.0","1969.0","55.7","39.3","37.0","15.0","15.0","5.0","12881.0","378.942104024"
"Bramfeld","50699.0","7153.0","14.1","11227.0","22.1","4876.0","9.6","12696.0","25.1","2927.0","41.1","29140.0","1.8","15409.0","52.9","4741.0","16.3","1453.0","30.6","10.092","5024.0","500.0","534.0","4345.0","339.0","4435.0","635.0","-90.0","19341.0","57.6","1926.0","5.7","153.0","2.9","312.0","5.0","5142.0","10.1","1333.0","22.6","3027.0","25903.0","28716.0","8870.0","27318.0","47.0","7382.0","27.0","70.7909070942","38.1440659579","1784.0","6.5","108.0","6.1","392.0","2714.0","2354.0","24.0","5.0","2382.0","52.8","43.2","74.0","33.0","39.0","10.0","20091.0","396.280005523"
"Steilshoop","19448.0","3732.0","19.2","3665.0","18.8","4000.0","20.6","9003.0","46.3","2459.0","65.9","9686.0","2.0","4398.0","45.4","2175.0","22.5","702.0","32.3","2.457","7915.0","210.0","182.0","1681.0","102.0","1621.0","182.0","60.0","6247.0","49.1","1196.0","9.4","114.0","4.7","157.0","6.6","4310.0","22.2","1399.0","45.9","1987.0","8599.0","21593.0","953.0","8719.0","3.0","335.0","3.8","74.2519784379","33.288924311","3051.0","35.0","303.0","9.9","361.0",".","1599.0","12.0","3.0","1284.0","64.4","28.6","10.0","7.0","8.0","3.0","5779.0","297.151378034"
"Wellingsbüttel","10290.0","1801.0","17.5","2988.0","29.0","600.0","5.8","1538.0","14.9","391.0","21.8","5061.0","2.0","2079.0","41.1","1059.0","20.9","179.0","16.9","4.072","2527.0","67.0","152.0","1051.0","91.0","956.0","98.0","95.0","2834.0","48.7","130.0","2.2","7.0","0.8","30.0","2.6","131.0","1.3","22.0","1.5","100.0","5152.0","82817.0","2779.0","4975.0","52.0","2595.0","52.2","118.659296482","57.3692905734","22.0","0.4","22.0","100.0","631.0","3670.0","2952.0","7.0","1.0","613.0","18.3","80.9","25.0","8.0","12.0","2.0","5270.0","512.147716229"
"Sasel","23170.0","4348.0","18.8","5803.0","25.0","1084.0","4.7","3145.0","13.6","879.0","20.3","10938.0","2.2","3994.0","36.5","2607.0","23.8","360.0","13.8","8.359","2772.0","166.0","183.0","1599.0","157.0","1510.0","214.0","89.0","7032.0","50.9","333.0","2.4","21.0","1.0","100.0","3.2","313.0","1.4","55.0","1.5","216.0","11134.0","57224.0","7184.0","10502.0","147.0","7264.0","69.2","111.824223957","50.6852826931","36.0","0.3","0.0","0.0","498.0","3167.0","2595.0","11.0","3.0","1561.0","33.0","65.7","30.0","9.0","15.0","2.0","11577.0","499.654725939"
"Poppenbüttel","22368.0","3340.0","14.9","7423.0","33.2","1199.0","5.4","3710.0","16.6","918.0","27.6","10787.0","2.0","4377.0","40.6","2085.0","19.3","374.0","17.9","8.12","2755.0","126.0","493.0","1804.0","166.0","1494.0","235.0","310.0","6505.0","53.2","344.0","2.8","23.0","1.2","88.0","3.2","506.0","2.3","122.0","4.5","297.0","11658.0","46719.0","6016.0","10345.0","106.0","5909.0","57.1","103.249299178","47.7518776824","553.0","5.3","343.0","62.0","428.0","2921.0","2765.0","10.0","3.0","1169.0","32.6","66.0","114.0","30.0","50.0","9.0","10489.0","468.928826896"
"Hummelsbüttel","17051.0","2891.0","17.0","4260.0","25.0","1870.0","11.0","5198.0","30.5","1354.0","46.9","8448.0","2.0","3489.0","41.3","1747.0","20.7","481.0","27.5","9.161","1861.0","136.0","169.0","1469.0","135.0","1416.0","233.0","53.0","5413.0","52.0","567.0","5.4","42.0","2.5","88.0","3.9","1706.0","10.0","511.0","21.5","831.0","8087.0","35924.0","2709.0","7931.0","24.0","2195.0","27.7","88.2343966713","41.0408187203","2163.0","27.3","654.0","30.2","415.0","3064.0","2457.0","9.0","1.0","1013.0","46.2","51.2","14.0","10.0","10.0","2.0","7155.0","419.623482494"
"Lemsahl-Mellingstedt","6540.0","1232.0","18.8","1278.0","19.5","268.0","4.1","822.0","12.6","250.0","20.3","2805.0","2.4","784.0","28.0","760.0","27.1","111.0","14.6","7.936","824.0","52.0","26.0","448.0","42.0","451.0","52.0","-3.0","2010.0","46.9","71.0","1.7","0.0","0.0","17.0","1.8","64.0","1.0","20.0","2.0","37.0","3114.0","68524.0","2284.0","2654.0","31.0","2402.0","90.5","132.249434815","53.6681957187","29.0","1.1","0.0","0.0","375.0","3147.0","2735.0","4.0","1.0","435.0","27.4","71.3","3.0","2.0","1.0","1.0","3653.0","558.562691131"
"Duvenstedt","6241.0","1450.0","23.2","1156.0","18.5","450.0","7.2","897.0","14.4","339.0","23.4","2544.0","2.5","719.0","28.3","834.0","32.8","143.0","17.1","6.824","915.0","42.0","41.0","467.0","48.0","522.0","104.0","-55.0","1891.0","47.8","85.0","2.1","12.0","1.4","17.0","2.9","185.0","3.0","69.0","6.1","74.0","2749.0","61306.0","1732.0","2453.0","69.0","1776.0","72.4","117.243375459","46.0820381349","82.0","3.3","16.0","19.5","362.0","2808.0","2382.0","3.0","1.0","604.0","30.0","66.7","13.0","5.0","9.0","3.0","3017.0","483.416119212"
"Wohldorf-Ohlstedt","4433.0","943.0","21.3","992.0","22.4","173.0","3.9","527.0","11.9","184.0","19.6","1960.0","2.3","603.0","30.8","545.0","27.8","86.0","15.8","17.323","256.0","30.0","26.0","338.0","30.0","329.0","51.0","9.0","1173.0","43.9","46.0","1.7","0.0","0.0","12.0","2.2","56.0","1.3","16.0","2.1","30.0","2025.0","86614.0","1442.0","1850.0","23.0","1492.0","80.6","143.136756757","59.7344913151","6.0","0.3","0.0","0.0","404.0","3071.0","2481.0","4.0","1.0","354.0","30.2","68.1","1.0","1.0","4.0","1.0","2333.0","526.280171441"
"Bergstedt","10206.0","2107.0","20.6","2260.0","22.1","313.0","3.1","1169.0","11.4","379.0","18.0","4658.0","2.2","1657.0","35.6","1271.0","27.3","248.0","19.5","7.054","1447.0","78.0","93.0","680.0","77.0","628.0","123.0","52.0","3168.0","50.9","133.0","2.1","9.0","0.9","28.0","2.4","230.0","2.3","64.0","3.7","135.0","4764.0","46426.0","2763.0","4455.0","51.0","2708.0","60.8","102.838832772","44.8899666863","188.0","4.2","7.0","3.7","376.0","2954.0","2305.0","8.0","2.0","747.0","42.6","55.4","5.0","5.0","6.0","2.0","4784.0","468.743876151"
"Volksdorf","20200.0","4146.0","20.5","5196.0","25.7","967.0","4.8","2756.0","13.7","852.0","20.6","9180.0","2.2","3363.0","36.6","2377.0","25.9","490.0","20.6","11.578","1745.0","136.0","219.0","1547.0","154.0","1450.0","218.0","97.0","5465.0","46.8","275.0","2.4","11.0","0.5","74.0","2.9","577.0","2.9","180.0","5.4","299.0","9519.0","57685.0","5389.0","8760.0","101.0","5177.0","59.1","111.919063927","48.5351980198","749.0","8.6","398.0","53.1","513.0","3493.0","3002.0","16.0","4.0","1629.0","39.5","57.9","79.0","24.0","27.0","5.0","9004.0","445.742574257"
"Rahlstedt","87783.0","14912.0","17.0","20347.0","23.2","8305.0","9.5","24039.0","27.4","6303.0","42.4","45358.0","1.9","20500.0","45.2","9414.0","20.8","2728.0","29.0","26.576","3303.0","781.0","957.0","6903.0","698.0","6494.0","1382.0","409.0","30602.0","55.4","2933.0","5.3","239.0","2.6","422.0","4.1","8956.0","10.2","2838.0","23.2","4614.0","41811.0","31196.0","14949.0","43077.0","179.0","12259.0","28.5","80.9015716043","39.7001355616","3992.0","9.3","1037.0","26.0","350.0","2524.0","2150.0","35.0","13.0","5233.0","51.3","44.1","155.0","55.0","64.0","16.0","34903.0","397.605458916"
"Lohbrügge","39069.0","6101.0","15.6","9391.0","24.0","4071.0","10.4","14089.0","36.1","3273.0","53.8","20460.0","1.9","9640.0","47.1","3845.0","18.8","1105.0","28.7","13.045","2995.0","316.0","435.0","3112.0","494.0","2928.0","677.0","184.0","13906.0","56.2","1526.0","6.2","97.0","2.2","254.0","5.7","4277.0","10.9","1163.0","23.5","2352.0","18306.0","27477.0","5642.0","19749.0","129.0","4375.0","22.2","74.6020558003","37.7106145537","2415.0","12.2","1304.0","54.0","345.0","2584.0","1806.0","13.0","4.0","2268.0","56.0","40.9","54.0","21.0","23.0","7.0","14079.0","360.362435691"
"Bergedorf","33129.0","5388.0","16.3","6843.0","20.7","3432.0","10.4","8992.0","27.1","2028.0","37.8","17684.0","1.9","8777.0","49.6","3284.0","18.6","940.0","28.6","10.356","3199.0","297.0","410.0","3622.0","612.0","3038.0","720.0","584.0","11978.0","54.7","1152.0","5.3","89.0","2.4","168.0","4.5","2960.0","8.9","766.0","17.4","1733.0","15866.0","32742.0","5064.0","16275.0","81.0","3995.0","24.5","79.544577573","39.0771831326","1062.0","6.5","644.0","60.6","370.0","2443.0","2372.0","19.0","7.0","1805.0","50.2","46.3","139.0","36.0","46.0","12.0","11549.0","348.606960669"
"Curslack","3930.0","785.0","20.0","600.0","15.3","684.0","17.4","955.0","24.2","270.0","34.3","1535.0","2.2","520.0","33.9","386.0","25.1","83.0","21.5","10.618","370.0","48.0","26.0","534.0","49.0","534.0","67.0","0.0","1340.0","49.7","97.0","3.6","8.0","1.6","14.0","3.3","232.0","5.9","72.0","11.3","125.0","1696.0","38200.0","924.0","1428.0","8.0","950.0","66.5","104.338235294","37.9122137405","17.0","1.2","12.0","70.6","207.0","1822.0",".","1.0","1.0","269.0","55.0","40.9","6.0","5.0","0.0","1.0","1719.0","437.404580153"
"Altengamme","2199.0","420.0","19.1","439.0","20.0","53.0","2.4","149.0","6.8","48.0","11.5","987.0","2.2","311.0","31.5","260.0","26.3","58.0","22.3","15.613","141.0","20.0","17.0","131.0","25.0","157.0","51.0","-26.0","829.0","57.9","33.0","2.3","3.0","1.3","7.0","2.4","80.0","3.6","34.0","10.3","33.0","1064.0","44570.0","632.0","886.0","8.0","686.0","77.4","107.362302483","43.2573897226","4.0","0.5","0.0","0.0","172.0","2344.0",".","1.0","1.0","167.0","55.7","41.9","2.0","2.0","0.0","0.0","1179.0","536.152796726"
"Neuengamme","3584.0","606.0","16.9","761.0","21.2","112.0","3.1","245.0","6.8","50.0","8.3","1629.0","2.2","554.0","34.0","379.0","23.3","74.0","19.5","18.618","193.0","22.0","29.0","306.0","38.0","273.0","54.0","33.0","1320.0","56.4","62.0","2.6","6.0","1.6","7.0","1.6","79.0","2.2","16.0","3.3","50.0","1766.0","35802.0","1029.0","1496.0","11.0","1115.0","74.5","107.885026738","45.0323660714","20.0","1.3","0.0","0.0","191.0","1972.0",".","2.0","0.0","228.0","61.8","36.4","1.0","1.0","2.0","0.0","1909.0","532.645089286"
"Kirchwerder","9286.0","1607.0","17.3","1849.0","19.9","301.0","3.2","726.0","7.8","179.0","11.1","4255.0","2.2","1399.0","32.9","1012.0","23.8","211.0","20.8","32.354","287.0","60.0","72.0","599.0","79.0","567.0","134.0","32.0","3712.0","60.3","139.0","2.3","14.0","1.4","30.0","2.4","198.0","2.1","44.0","3.4","126.0","4681.0","36752.0","2692.0","3938.0","38.0","2964.0","75.3","106.899441341","45.333835882","34.0","0.9","8.0","23.5","179.0","1865.0",".","8.0","3.0","594.0","66.0","31.6","8.0","8.0","3.0","2.0","5062.0","545.121688563"
"Ochsenwerder","2451.0","414.0","16.9","514.0","21.0","177.0","7.2","298.0","12.2","80.0","19.3","1152.0","2.2","401.0","34.8","256.0","22.2","45.0","17.6","14.08","174.0","13.0","16.0","245.0","13.0","201.0","41.0","44.0","890.0","55.6","46.0","2.9","6.0","2.4","11.0","3.9","55.0","2.2","12.0","3.6","33.0","1147.0","33972.0","675.0","1022.0","12.0","718.0","70.3","119.594911937","49.8678090575","3.0","0.3","0.0","0.0","172.0","1817.0",".","1.0","1.0","138.0","62.3","34.8","2.0","2.0","0.0","0.0","1404.0","572.827417381"
"Reitbrook","484.0","60.0","12.4","124.0","25.6","32.0","6.6","55.0","11.4","9.0","15.0","238.0","2.0","93.0","39.1","38.0","16.0","5.0","13.2","6.914","70.0","5.0","6.0","53.0","1.0","58.0","2.0","-5.0","166.0","52.9","6.0","1.9","0.0","0.0","3.0","3.9","8.0","1.7","3.0","6.5","6.0","238.0","34580.0","143.0","224.0","2.0","148.0","66.1","118.919642857","55.0371900826","0.0","0.0","0.0","0.0","168.0",".",".","0.0","0.0","27.0","66.7","33.3","0.0","0.0","2.0","0.0","280.0","578.512396694"
"Allermöhe","1322.0","212.0","16.0","253.0","19.1","76.0","5.7","220.0","16.6","52.0","24.6","631.0","2.1","234.0","37.1","129.0","20.4","26.0","20.2","8.655","153.0","10.0","6.0","136.0","7.0","156.0","18.0","-20.0","488.0","54.2","22.0","2.4","3.0","2.1","3.0","1.6","29.0","2.2","6.0","3.6","16.0","653.0","35822.0","448.0","579.0","7.0","496.0","85.7","114.708117444","50.23903177","0.0","0.0","0.0","0.0","169.0","2126.0",".","2.0","0.0","89.0","53.9","44.9","0.0","0.0","7.0","0.0","746.0","564.296520424"
"Billwerder","1335.0","197.0","14.8","263.0","19.7","167.0","12.5","266.0","20.0","39.0","19.8","671.0","2.0","307.0","45.8","116.0","17.3","29.0","25.0","9.473","141.0","8.0","10.0","156.0","22.0","124.0","15.0","32.0","434.0","47.9","35.0","3.9","3.0","2.5","7.0","4.1","64.0","4.8","20.0","12.0","34.0","618.0","29391.0","377.0","554.0","5.0","400.0","72.2","93.4133574007","38.7647940075","0.0","0.0","0.0","0.0","176.0",".",".","1.0","1.0","66.0","51.5","45.5","0.0","0.0","0.0","0.0","583.0","436.70411985"
"Moorfleet","1249.0","217.0","17.4","192.0","15.4","186.0","14.9","305.0","24.6","71.0","33.0","595.0","2.0","263.0","44.2","124.0","20.8","16.0","12.9","4.275","292.0","3.0","6.0","207.0","11.0","136.0","20.0","71.0","413.0","46.5","41.0","4.6","3.0","2.2","8.0","5.0","75.0","6.0","16.0","9.5","47.0","569.0","32536.0","328.0","439.0","2.0","354.0","80.6","101.025056948","35.5084067254","0.0","0.0","0.0","0.0","163.0","1808.0",".","0.0","0.0","66.0","65.2","31.8","0.0","0.0","0.0","0.0","628.0","502.802241793"
"Tatenberg","537.0","99.0","18.4","103.0","19.2","15.0","2.8","42.0","7.8","12.0","11.9","232.0","2.3","68.0","29.3","65.0","28.0","7.0","10.8","3.102","173.0","6.0","5.0","31.0","2.0","38.0","0.0","-7.0","211.0","60.6","7.0","2.0","0.0","0.0","3.0","4.6","9.0","1.7","0.0","0.0","6.0","254.0","38768.0","158.0","216.0","3.0","180.0","83.3","115.037037037","46.2718808194","0.0","0.0","0.0","0.0","180.0",".",".","0.0","0.0","37.0","59.5","40.5","0.0","0.0","0.0","0.0","306.0","569.832402235"
"Spadenland","478.0","83.0","17.4","100.0","20.9","13.0","2.7","21.0","4.4","6.0","7.2","222.0","2.2","77.0","34.7","48.0","21.6","6.0","12.5","3.398","141.0","4.0","3.0","32.0","3.0","52.0","12.0","-20.0","179.0","57.6","10.0","3.2","0.0","0.0","3.0","4.9","9.0","1.9","0.0","0.0","8.0","262.0","30006.0","112.0","200.0","4.0","120.0","60.0","109.48","45.8075313808","0.0","0.0","0.0","0.0","179.0",".",".","0.0","0.0","34.0","64.7","35.3","0.0","0.0","0.0","0.0","278.0","581.589958159"
"Neuallermöhe","23762.0","5817.0","24.5","1611.0","6.8","3804.0","16.0","14705.0","61.9","4283.0","73.9","9391.0","2.5","2629.0","28.0","3381.0","36.0","897.0","26.5","4.208","5647.0","288.0","72.0","1765.0","184.0","1838.0","311.0","-73.0","9280.0","53.1","1193.0","6.8","99.0","2.6","158.0","5.9","4472.0","18.8","1579.0","33.8","1903.0","9307.0","26777.0","3115.0","8975.0","139.0","2427.0","27.0","80.387632312","30.3627219931","5133.0","57.2","476.0","9.3","259.0",".",".","8.0","3.0","2079.0","55.9","40.5","13.0","7.0","0.0","2.0","7414.0","312.010773504"
"Harburg","22674.0","3285.0","14.5","2767.0","12.2","7549.0","33.3","11973.0","52.8","2496.0","76.5","13515.0","1.6","8565.0","63.4","2002.0","14.8","652.0","32.6","3.855","5882.0","278.0","210.0","4072.0","425.0","3937.0","431.0","135.0","7978.0","46.7","1565.0","9.2","119.0","3.4","169.0","9.0","4121.0","18.2","1242.0","43.7","2244.0","9339.0","19246.0","1483.0","11774.0","236.0","229.0","1.9","59.9154917615","31.1125077181","1121.0","9.5","351.0","31.3","258.0",".","1958.0","13.0","3.0","937.0","68.8","19.3","168.0","37.0","60.0","16.0","4527.0","199.655993649"
"Neuland und Gut Moor","1511.0","295.0","19.5","240.0","15.9","297.0","19.7","477.0","31.6","154.0","52.9","719.0","2.1","295.0","41.0","156.0","21.7","36.0","23.1","10.012","151.0","17.0","13.0","277.0","20.0","163.0","18.0","114.0","525.0","51.3","45.0","4.4","8.0","4.2","9.0","5.1","87.0","5.8","24.0","9.7","41.0","689.0","31010.0","423.0","558.0","1.0","459.0","82.3","102.304659498","37.7802779616","0.0","0.0","0.0","0.0","156.0","1783.0",".","0.0","1.0","106.0","70.8","23.6","0.0","0.0","0.0","0.0","674.0","446.062210457"
"Wilstorf","16225.0","2553.0","15.7","3410.0","21.0","2967.0","18.3","5874.0","36.2","1493.0","59.0","8977.0","1.8","4733.0","52.7","1604.0","17.9","497.0","31.0","3.482","4660.0","196.0","188.0","1861.0","212.0","1901.0","374.0","-40.0","5855.0","54.8","766.0","7.2","62.0","3.3","89.0","5.3","2042.0","12.6","680.0","31.8","1046.0","7797.0","23985.0","2026.0","8333.0","1.0","1451.0","17.4","68.8483139326","35.3598151002","837.0","10.0","180.0","21.5","266.0","1987.0","1931.0","10.0","1.0","763.0","55.3","37.7","18.0","11.0","4.0","3.0","5276.0","325.177195686"
"Rönneburg","3203.0","607.0","19.0","595.0","18.6","293.0","9.1","843.0","26.3","227.0","37.6","1515.0","2.2","581.0","38.3","367.0","24.2","78.0","21.3","2.263","1415.0","30.0","21.0","244.0","35.0","260.0","55.0","-16.0","1210.0","57.0","74.0","3.5","6.0","1.5","20.0","5.3","152.0","4.7","41.0","8.4","81.0","1461.0","56002.0","771.0","1383.0","3.0","753.0","54.4","96.1467823572","41.5145176397","153.0","11.1","0.0","0.0","246.0","2052.0",".","1.0","1.0","232.0","47.0","50.4","0.0","0.0","1.0","0.0","1403.0","438.026849828"
"Langenbek","4098.0","634.0","15.5","861.0","21.0","329.0","8.0","1137.0","27.7","257.0","40.3","2014.0","2.1","778.0","38.6","417.0","20.7","118.0","28.3","0.838","4890.0","24.0","39.0","359.0","66.0","295.0","79.0","64.0","1532.0","55.5","121.0","4.4","8.0","1.5","31.0","4.9","242.0","5.9","68.0","14.3","131.0","1963.0","31482.0","1194.0","1863.0","10.0","1129.0","60.6","86.7369833602","39.4316739873","352.0","18.9","62.0","17.6","243.0","1925.0",".","1.0","0.0","244.0","47.5","46.7","0.0","0.0","0.0","1.0","1722.0","420.204978038"
"Sinstorf","3553.0","715.0","20.1","700.0","19.7","575.0","16.2","1130.0","31.9","376.0","52.9","1586.0","2.1","629.0","39.7","367.0","23.1","79.0","21.5","2.561","1387.0","29.0","32.0","430.0","60.0","376.0","87.0","54.0","1220.0","53.4","100.0","4.4","13.0","3.2","18.0","5.2","301.0","8.5","102.0","17.9","133.0","1615.0","31736.0","830.0","1447.0","4.0","869.0","60.1","90.8901174845","37.0160427807","92.0","6.4","92.0","100.0","220.0","2133.0","1766.0","2.0","1.0","259.0","54.8","40.9","9.0","3.0","3.0","0.0","1383.0","389.248522375"
"Marmstorf","8801.0","1332.0","15.1","2632.0","29.9","722.0","8.2","1940.0","22.0","476.0","35.8","4572.0","2.0","1889.0","41.3","863.0","18.9","228.0","26.4","5.816","1513.0","53.0","89.0","627.0","102.0","579.0","117.0","48.0","2792.0","54.5","232.0","4.5","15.0","1.7","39.0","3.9","452.0","5.1","134.0","12.8","238.0","4377.0","34488.0","2213.0","4231.0","9.0","2115.0","50.0","89.1153391633","42.8413816612","110.0","2.6","0.0","0.0","306.0","2086.0","1903.0","3.0","1.0","525.0","37.3","58.1","7.0","5.0","4.0","2.0","3859.0","438.472900807"
"Eißendorf","23861.0","3906.0","16.4","5168.0","21.7","3498.0","14.7","8002.0","33.5","1997.0","51.1","12737.0","1.9","6208.0","48.7","2450.0","19.2","674.0","27.5","8.371","2850.0","233.0","278.0","2454.0","323.0","2304.0","472.0","150.0","8282.0","53.6","964.0","6.2","94.0","3.4","134.0","5.1","2382.0","10.0","780.0","24.0","1227.0","11427.0","30756.0","4197.0","11810.0","45.0","3581.0","30.3","78.0375105843","38.6246594862","907.0","7.7","271.0","29.9","287.0","2081.0","2093.0","7.0","2.0","1295.0","53.4","41.3","13.0","9.0","9.0","2.0","8643.0","362.222874146"
"Heimfeld","20779.0","3580.0","17.2","3415.0","16.4","4082.0","19.6","8161.0","39.3","2037.0","57.2","11587.0","1.8","6430.0","55.5","2185.0","18.9","609.0","27.9","11.717","1773.0","250.0","253.0","2905.0","291.0","2807.0","364.0","98.0","7613.0","53.0","932.0","6.5","56.0","2.1","141.0","7.4","2383.0","11.5","692.0","23.0","1332.0","9504.0","28235.0","2451.0","10279.0","17.0","1519.0","14.8","70.9719817103","35.1085711536","1493.0","14.5","32.0","2.1","294.0","2144.0","1907.0","9.0","2.0","1146.0","51.9","33.2","21.0","9.0","12.0","4.0","6101.0","293.613744646"
"Moorburg und Altenwerder","732.0","143.0","19.5","102.0","13.9","40.0","5.5","87.0","11.9","18.0","12.6","377.0","2.0","177.0","46.9","87.0","23.1","21.0","24.1","16.817","44.0","15.0","3.0","94.0","10.0","88.0","18.0","6.0","256.0","49.8","24.0","4.7","3.0","3.4","8.0","8.3","49.0","6.7","13.0","11.2","27.0","354.0","36862.0","225.0","325.0","1.0","242.0","74.5","99.5815384615","44.2131147541","0.0","0.0","0.0","0.0","145.0",".",".","3.0","0.0","52.0","75.0","21.2","0.0","0.0","0.0","0.0","345.0","471.31147541"
"Hausbruch","17034.0","3336.0","19.6","3282.0","19.3","2257.0","13.2","8682.0","50.9","2251.0","67.5","7489.0","2.3","2613.0","34.9","1972.0","26.3","493.0","25.0","11.18","1524.0","146.0","142.0","1313.0","162.0","1369.0","264.0","-56.0","5797.0","52.3","859.0","7.8","59.0","2.6","133.0","6.3","2673.0","15.7","875.0","32.8","1205.0","7260.0","28667.0","2874.0","7088.0","20.0","2614.0","36.9","83.8861455982","34.9057766819","1446.0","20.4","360.0","24.9","220.0","2039.0","1697.0","9.0","2.0","1275.0","67.1","27.4","15.0","4.0","10.0","2.0","5896.0","346.131266878"
"Neugraben-Fischbek","27160.0","4914.0","18.1","6012.0","22.1","2905.0","10.7","10614.0","39.0","2785.0","56.7","13045.0","2.1","4980.0","38.2","2894.0","22.2","747.0","25.8","22.511","1207.0","234.0","234.0","2103.0","339.0","1952.0","553.0","151.0","9065.0","52.9","1257.0","7.3","107.0","3.4","218.0","6.4","3698.0","13.6","1150.0","28.6","1770.0","11991.0","28670.0","5386.0","12034.0","82.0","4937.0","41.0","84.57204587","37.472017673","996.0","8.3","281.0","28.2","244.0","2116.0","1539.0","14.0","6.0","1755.0","64.2","30.5","35.0","15.0","20.0","5.0","10013.0","368.667157585"
"Francop","677.0","120.0","17.7","121.0","17.9","40.0","5.9","71.0","10.5","8.0","6.7","329.0","2.1","131.0","39.8","70.0","21.3","17.0","24.3","9.089","74.0","3.0","11.0","65.0","14.0","53.0","16.0","12.0","264.0","56.1","15.0","3.2","0.0","0.0","3.0","3.8","30.0","4.4","11.0","12.9","17.0","331.0","34280.0","191.0","322.0","2.0","230.0","71.4","98.4751552795","46.8375184638","0.0","0.0","0.0","0.0","148.0","1889.0",".","0.0","0.0","40.0","42.5","55.0","1.0","0.0","0.0","0.0","335.0","494.830132939"
"Neuenfelde","4481.0","954.0","21.3","702.0","15.7","992.0","22.1","1751.0","39.1","521.0","55.1","2002.0","2.3","749.0","37.4","506.0","25.3","105.0","20.8","15.502","289.0","53.0","31.0","468.0","86.0","447.0","114.0","21.0","1495.0","50.0","215.0","7.2","18.0","3.0","29.0","5.7","466.0","10.4","159.0","20.2","201.0","1884.0","33272.0","1022.0","1917.0","15.0","1166.0","60.8","95.3145539906","40.7761660344","291.0","15.2","0.0","0.0","145.0","1445.0",".","3.0","1.0","325.0","63.1","34.5","1.0","1.0","3.0","1.0","1828.0","407.944655211"
"Cranz","759.0","120.0","15.8","147.0","19.4","101.0","13.3","202.0","26.6","52.0","43.0","417.0","1.9","210.0","50.4","71.0","17.0","18.0","25.4","1.332","570.0","13.0","5.0","79.0","18.0","89.0","37.0","-10.0","287.0","56.4","32.0","6.3","0.0","0.0","4.0","3.8","68.0","9.0","19.0","18.4","38.0","368.0","31326.0","165.0","388.0","0.0","145.0","37.4","87.4175257732","44.6877470356","0.0","0.0","0.0","0.0","150.0",".",".","1.0","1.0","39.0","53.8","38.5","2.0","2.0","0.0","0.0","343.0","451.910408432"
"Hamburg-Mitte","289876.0","45260.0","15.6","42241.0","14.6","74998.0","25.9","130254.0","46.0","31067.0","68.8","162283.0","1.8","94125.0","58.0","27029.0","16.7","8260.0","30.6","142.3","2037.0","3167.0","2416.0","31902.0","2631.0","31266.0","3590.0","636.0","102778.0","49.0","17073.0","8.1","1335.0","3.7","2177.0","7.4","49650.0","17.1","14558.0","38.3","26229.0","130535.0","23802.0","23514.0","141303.0","759.0","12880.0","9.1","65.7513782439","32.051177055","24825.0","17.6","6472.0","26.1",".",".",".","137.0","39.0","14391.0","64.7","28.6","694.0","246.0","271.0","75.0","74213.0","256.016365618"
"Altona","259897.0","44559.0","17.1","47917.0","18.4","37204.0","14.3","76084.0","29.3","18559.0","41.7","143607.0","1.8","77065.0","53.7","27435.0","19.1","7291.0","26.6","77.930631","3335.0","2739.0","2521.0","22073.0","2371.0","19627.0","3177.0","2446.0","88426.0","50.7","10116.0","5.8","720.0","2.9","1485.0","5.5","23795.0","9.2","6263.0","16.6","13781.0","127443.0","45726.0","37006.0","130706.0","1036.0","28605.0","21.9","80.6581105688","40.5641427181","12455.0","9.5","4345.0","34.9",".",".",".","196.0","39.0","13773.0","45.4","51.3","802.0","204.0","244.0","68.0","86486.0","332.770289769"
"Eimsbüttel","252340.0","36602.0","14.5","48760.0","19.3","29011.0","11.5","61650.0","24.4","13634.0","37.4","148245.0","1.7","84736.0","57.2","23701.0","16.0","6125.0","25.8","49.817278","5065.0","2692.0","2274.0","23938.0","2532.0","21377.0","3421.0","2561.0","95705.0","55.4","7809.0","4.5","464.0","1.9","1223.0","4.5","15704.0","6.2","3828.0","12.5","9600.0","133310.0","40046.0","31230.0","137695.0","909.0","21557.0","15.7","75.9067286394","41.4202147896","6381.0","4.6","2681.0","42.0",".",".",".","184.0","34.0","11050.0","42.9","53.5","817.0","156.0","280.0","60.0","88403.0","350.332884204"
"Hamburg-Nord","291293.0","36878.0","12.7","49506.0","17.0","33586.0","11.5","68711.0","23.6","13821.0","37.7","185126.0","1.6","117796.0","63.6","24165.0","13.1","6953.0","28.8","57.76883","5042.0","3178.0","2764.0","31347.0","3233.0","28769.0","4158.0","2578.0","122005.0","58.0","10176.0","4.8","607.0","2.1","1596.0","5.4","20194.0","6.9","4640.0","14.8","13089.0","158301.0","38676.0","30408.0","171575.0","1162.0","16149.0","9.4","67.9041352178","39.9963335885","8241.0","4.8","4056.0","49.2",".",".",".","170.0","30.0","10629.0","46.4","50.0","984.0","253.0","297.0","83.0","94804.0","325.459245502"
"Wandsbek","417225.0","68565.0","16.4","93564.0","22.4","41896.0","10.0","109568.0","26.3","27885.0","40.8","220243.0","1.9","105433.0","47.9","42645.0","19.4","10983.0","25.8","147.544918","2828.0","3687.0","4621.0","28445.0","3296.0","26267.0","5524.0","2178.0","145288.0","54.4","13911.0","5.2","1023.0","2.3","2317.0","4.7","37378.0","9.0","10991.0","19.5","19877.0","204376.0","36917.0","75815.0","206222.0","1240.0","64951.0","31.5","83.1941548428","41.1204146444","17764.0","8.6","4620.0","26.0",".",".",".","215.0","60.0","23508.0","47.7","48.5","781.0","274.0","368.0","86.0","166081.0","398.060998262"
"Bergedorf","122815.0","22006.0","17.9","23043.0","18.8","13123.0","10.7","41068.0","33.5","10400.0","47.4","59682.0","2.0","25273.0","42.3","13323.0","22.3","3502.0","26.3","154.758466","794.0","1100.0","1113.0","8164.0","1540.0","7335.0","2122.0","829.0","45146.0","55.1","4369.0","5.3","331.0","2.2","676.0","4.7","12547.0","10.2","3731.0","21.0","6472.0","56427.0","30910.0","21339.0","55981.0","449.0","18928.0","33.8","83.4924706597","38.0571754265","8688.0","15.5","2444.0","28.1",".",".",".","56.0","21.0","7867.0","55.7","41.1","225.0","82.0","83.0","24.0","47136.0","383.796767496"
"Harburg","155548.0","26494.0","17.0","30154.0","19.4","26647.0","17.1","60944.0","39.2","15148.0","57.4","80881.0","1.9","38968.0","48.2","16011.0","19.8","4372.0","27.3","125.215448","1242.0","1574.0","1549.0","12582.0","2163.0","11851.0","2999.0","731.0","54171.0","52.3","7201.0","7.0","568.0","2.9","1045.0","6.2","19146.0","12.3","5990.0","27.4","9731.0","70360.0","28485.0","25451.0","73752.0","446.0","21439.0","29.1","77.0629813429","36.5388754597","7798.0","10.6","1629.0","20.9",".",".",".","76.0","22.0","8993.0","58.4","34.4","290.0","96.0","126.0","36.0","52348.0","336.539203333"
"Hamburg","1788994.0","280364.0","15.7","335185.0","18.7","256465.0","14.3","548279.0","30.8","130514.0","46.7","1000067.0","1.8","543396.0","54.3","174309.0","17.4","47486.0","27.2","755.296231","2369.0","18137.0","17258.0","96782.0","17766.0","84823.0","24991.0","11959.0","656459.0","53.8","71125.0","5.8","5166.0","2.7","10556.0","5.4","178824.0","10.0","50102.0","21.4","99059.0","915670.0","35567.0","244763.0","917234.0","6001.0","184509.0","20.1","75.7167756538","38.8207009079","86680.0","9.5","26775.0","30.9","515.0","3025.0","3212.0","1034.0","245.0","92983.0","51.0","44.4","4593.0","1311.0","1669.0","432.0","609526.0","340.708800588"
